{
  "Runtime": 429.4127,
  "0_0": [
    [
      1.0,
      0.0,
      0.0,
      0.5
    ],
    [
      1.0,
      0.0,
      0.0,
      0.5
    ],
    [
      1.0,
      0.0,
      0.0,
      0.5
    ],
    [
      1.0,
      0.0,
      0.0,
      0.5
    ],
    [
      1.0,
      0.0,
      0.0,
      0.5
    ],
    [
      1.0,
      0.0,
      0.0,
      0.5
    ],
    [
      1.0,
      0.0,
      0.0,
      0.5
    ],
    [
      1.0,
      0.0,
      0.0,
      0.5
    ]
  ],
  "0_1": [
    [
      1.0,
      0.0,
      0.0,
      0.5
    ],
    [
      1.0,
      0.0,
      0.0,
      0.5
    ],
    [
      1.0,
      0.0,
      0.0,
      0.5
    ],
    [
      1.0,
      0.0,
      0.0,
      0.5
    ],
    [
      1.0,
      0.0,
      0.0,
      0.5
    ],
    [
      1.0,
      0.0,
      0.0,
      0.5
    ],
    [
      1.0,
      0.0,
      0.0,
      0.5
    ],
    [
      1.0,
      0.0,
      0.0,
      0.5
    ]
  ],
  "0_2": [
    [
      1.0,
      0.0,
      0.0,
      0.5
    ],
    [
      1.0,
      0.0,
      0.0,
      0.5
    ],
    [
      1.0,
      0.0,
      0.0,
      0.5
    ],
    [
      1.0,
      0.0,
      0.0,
      0.5
    ],
    [
      1.0,
      0.0,
      0.0,
      0.5
    ],
    [
      1.0,
      0.0,
      0.0,
      0.5
    ],
    [
      1.0,
      0.0,
      0.0,
      0.5
    ],
    [
      1.0,
      0.0,
      0.0,
      0.5
    ]
  ],
  "0_3": [
    [
      1.0,
      0.0,
      0.0,
      0.5
    ],
    [
      1.0,
      0.0,
      0.0,
      0.5
    ],
    [
      1.0,
      0.0,
      0.0,
      0.5
    ],
    [
      1.0,
      0.0,
      0.0,
      0.5
    ],
    [
      1.0,
      0.0,
      0.0,
      0.5
    ],
    [
      1.0,
      0.0,
      0.0,
      0.5
    ],
    [
      1.0,
      0.0,
      0.0,
      0.5
    ],
    [
      1.0,
      0.0,
      0.0,
      0.5
    ]
  ],
  "1_0": [
    [
      1.0,
      0.0,
      0.0,
      0.5
    ],
    [
      0.6194265,
      0.3805735,
      0.0,
      1.0
    ],
    [
      1.0,
      0.0,
      0.0,
      0.5
    ],
    [
      1.0,
      0.0,
      0.0,
      0.5
    ],
    [
      1.0,
      0.0,
      0.0,
      0.5
    ],
    [
      1.0,
      0.0,
      0.0,
      0.5
    ],
    [
      1.0,
      0.0,
      0.0,
      0.5
    ],
    [
      1.0,
      0.0,
      0.0,
      0.5
    ]
  ],
  "1_1": [
    [
      1.0,
      0.0,
      0.0,
      1.0
    ],
    [
      0.26615715,
      0.73384285,
      0.0,
      1.0
    ],
    [
      1.0,
      0.0,
      0.0,
      0.5
    ],
    [
      0.7650188,
      0.234981149,
      0.0,
      0.128622279
    ],
    [
      1.0,
      0.0,
      0.0,
      0.5
    ],
    [
      1.0,
      0.0,
      0.0,
      0.5
    ],
    [
      1.0,
      0.0,
      0.0,
      0.5
    ],
    [
      1.0,
      0.0,
      0.0,
      0.5
    ]
  ],
  "1_2": [
    [
      1.0,
      0.0,
      0.0,
      1.0
    ],
    [
      1.0,
      0.0,
      0.0,
      0.5
    ],
    [
      0.3298825,
      0.6701175,
      0.0,
      0.723258436
    ],
    [
      0.7650188,
      0.234981149,
      0.0,
      0.128622279
    ],
    [
      1.0,
      0.0,
      0.0,
      0.5
    ],
    [
      1.0,
      0.0,
      0.0,
      0.5
    ],
    [
      1.0,
      0.0,
      0.0,
      0.5
    ],
    [
      1.0,
      0.0,
      0.0,
      0.5
    ]
  ],
  "1_3": [
    [
      1.0,
      0.0,
      0.0,
      0.5
    ],
    [
      1.0,
      0.0,
      0.0,
      0.5
    ],
    [
      1.0,
      0.0,
      0.0,
      0.5
    ],
    [
      1.0,
      0.0,
      0.0,
      0.5
    ],
    [
      1.0,
      0.0,
      0.0,
      0.5
    ],
    [
      1.0,
      0.0,
      0.0,
      0.5
    ],
    [
      1.0,
      0.0,
      0.0,
      0.5
    ],
    [
      1.0,
      0.0,
      0.0,
      0.5
    ]
  ],
  "2_0": [
    [
      1.0,
      0.0,
      0.0,
      0.44124338
    ],
    [
      1.0,
      0.0,
      0.0,
      0.5
    ],
    [
      1.0,
      0.0,
      0.0,
      0.5
    ],
    [
      1.0,
      0.0,
      0.0,
      0.5
    ],
    [
      1.0,
      0.0,
      0.0,
      0.5
    ],
    [
      1.0,
      0.0,
      0.0,
      0.5
    ],
    [
      1.0,
      0.0,
      0.0,
      0.5
    ],
    [
      1.0,
      0.0,
      0.0,
      0.5
    ]
  ],
  "2_1": [
    [
      0.0646607652,
      0.487312436,
      0.448026776,
      0.44124338
    ],
    [
      1.0,
      0.0,
      0.0,
      0.5
    ],
    [
      1.0,
      0.0,
      0.0,
      0.5
    ],
    [
      1.0,
      0.0,
      0.0,
      0.5
    ],
    [
      1.0,
      0.0,
      0.0,
      0.5
    ],
    [
      1.0,
      0.0,
      0.0,
      0.5
    ],
    [
      1.0,
      0.0,
      0.0,
      0.5
    ],
    [
      1.0,
      0.0,
      0.0,
      0.5
    ]
  ],
  "2_2": [
    [
      1.0,
      0.0,
      0.0,
      0.5
    ],
    [
      1.0,
      0.0,
      0.0,
      0.5
    ],
    [
      0.3298825,
      0.6701175,
      0.0,
      0.723258436
    ],
    [
      1.0,
      0.0,
      0.0,
      0.5
    ],
    [
      1.0,
      0.0,
      0.0,
      0.5
    ],
    [
      1.0,
      0.0,
      0.0,
      0.5
    ],
    [
      1.0,
      0.0,
      0.0,
      0.5
    ],
    [
      1.0,
      0.0,
      0.0,
      0.5
    ]
  ],
  "2_3": [
    [
      1.0,
      0.0,
      0.0,
      0.5
    ],
    [
      1.0,
      0.0,
      0.0,
      0.5
    ],
    [
      1.0,
      0.0,
      0.0,
      0.5
    ],
    [
      0.7819266,
      0.218073428,
      0.0,
      0.4702948
    ],
    [
      1.0,
      0.0,
      0.0,
      0.5
    ],
    [
      1.0,
      0.0,
      0.0,
      0.5
    ],
    [
      1.0,
      0.0,
      0.0,
      0.5
    ],
    [
      1.0,
      0.0,
      0.0,
      0.5
    ]
  ]
}