{
    "agent_0_1.csv": {
        "stop_metric": 0.02631578947368421,
        "circling_metric": 0.0,
        "attract_metric": 0.0,
        "uni_metric": 0.00034332186325368593,
        "avoid_metric": 9.868649107779169e-17
    },
    "agent_1_1.csv": {
        "stop_metric": 0.02631578947368421,
        "circling_metric": 0.0,
        "attract_metric": 0.0,
        "uni_metric": 0.0008347701963257243,
        "avoid_metric": 1.1102230246251565e-16
    },
    "agent_1_2.csv": {
        "stop_metric": 0.0,
        "circling_metric": 0.0,
        "attract_metric": 0.0,
        "uni_metric": 0.0006976116779628727,
        "avoid_metric": 9.992007221626409e-17
    },
    "agent_10_1.csv": {
        "stop_metric": 0.02631578947368421,
        "circling_metric": 0.0,
        "attract_metric": 0.0,
        "uni_metric": 0.00010040394066700925,
        "avoid_metric": 1.1719020815487764e-16
    },
    "agent_11_1.csv": {
        "stop_metric": 0.02631578947368421,
        "circling_metric": 0.0,
        "attract_metric": 0.0,
        "uni_metric": 0.0010039900635660515,
        "avoid_metric": 1.2335811384723962e-16
    },
    "agent_12.csv": {
        "stop_metric": 0.02631578947368421,
        "circling_metric": 0.0,
        "attract_metric": 0.0,
        "uni_metric": 0.00032861851515117137,
        "avoid_metric": 1.2335811384723962e-16
    },
    "agent_13_1.csv": {
        "stop_metric": 0.02631578947368421,
        "circling_metric": 0.0,
        "attract_metric": 0.0,
        "uni_metric": 0.00035584553028262926,
        "avoid_metric": 7.401486830834377e-17
    },
    "agent_13_2.csv": {
        "stop_metric": 0.0,
        "circling_metric": 0.0,
        "attract_metric": 0.0,
        "uni_metric": 0.0008239985026247984,
        "avoid_metric": 7.401486830834377e-17
    },
    "agent_14_1.csv": {
        "stop_metric": 0.02631578947368421,
        "circling_metric": 0.0,
        "attract_metric": 0.0,
        "uni_metric": 0.0002148356757748493,
        "avoid_metric": 1.4186183092432555e-16
    },
    "agent_14_2.csv": {
        "stop_metric": 0.0,
        "circling_metric": 0.0,
        "attract_metric": 0.0,
        "uni_metric": 0.00011867723248953293,
        "avoid_metric": 8.635067969306773e-17
    },
    "agent_15_1.csv": {
        "stop_metric": 0.02631578947368421,
        "circling_metric": 0.0,
        "attract_metric": 0.0,
        "uni_metric": 8.716630643979601e-05,
        "avoid_metric": 9.251858538542972e-17
    },
    "agent_15_2.csv": {
        "stop_metric": 0.0,
        "circling_metric": 0.0,
        "attract_metric": 0.0,
        "uni_metric": 0.0001860232878115949,
        "avoid_metric": 8.141635513917814e-17
    },
    "agent_16_1.csv": {
        "stop_metric": 0.02631578947368421,
        "circling_metric": 0.0,
        "attract_metric": 0.0,
        "uni_metric": 9.319167115051652e-05,
        "avoid_metric": 1.0485439677015367e-16
    },
    "agent_16_2.csv": {
        "stop_metric": 0.0,
        "circling_metric": 0.0,
        "attract_metric": 0.0,
        "uni_metric": 0.00023034964671973338,
        "avoid_metric": 9.251858538542972e-17
    },
    "agent_17_1.csv": {
        "stop_metric": 0.02631578947368421,
        "circling_metric": 0.02631578947368421,
        "attract_metric": 0.0,
        "uni_metric": 8.678479990762804e-05,
        "avoid_metric": 1.2335811384723962e-16
    },
    "agent_17_2.csv": {
        "stop_metric": 0.0,
        "circling_metric": 0.0,
        "attract_metric": 0.0,
        "uni_metric": 0.00017816977282374241,
        "avoid_metric": 9.394194823751324e-17
    },
    "agent_18_1.csv": {
        "stop_metric": 0.02631578947368421,
        "circling_metric": 0.0,
        "attract_metric": 0.0,
        "uni_metric": 8.330303188221662e-05,
        "avoid_metric": 1.0485439677015367e-16
    },
    "agent_18_2.csv": {
        "stop_metric": 0.0,
        "circling_metric": 0.0,
        "attract_metric": 0.0,
        "uni_metric": 0.00025015362059637,
        "avoid_metric": 1.1102230246251565e-16
    },
    "agent_19_1.csv": {
        "stop_metric": 0.02631578947368421,
        "circling_metric": 0.0,
        "attract_metric": 0.0,
        "uni_metric": 4.444822778718358e-05,
        "avoid_metric": 1.1719020815487764e-16
    },
    "agent_19_2.csv": {
        "stop_metric": 0.0,
        "circling_metric": 0.0,
        "attract_metric": 0.0,
        "uni_metric": 0.00019640177688976608,
        "avoid_metric": 7.686159401251084e-17
    },
    "agent_2_1.csv": {
        "stop_metric": 0.02631578947368421,
        "circling_metric": 0.0,
        "attract_metric": 0.0,
        "uni_metric": 0.000984755024787028,
        "avoid_metric": 1.295260195396016e-16
    },
    "agent_2_2.csv": {
        "stop_metric": 0.0,
        "circling_metric": 0.0,
        "attract_metric": 0.0,
        "uni_metric": 0.0001152930907083965,
        "avoid_metric": 1.2111523905001707e-16
    },
    "agent_20_1.csv": {
        "stop_metric": 0.02631578947368421,
        "circling_metric": 0.0,
        "attract_metric": 0.0,
        "uni_metric": 0.0005393607076138759,
        "avoid_metric": 1.1102230246251565e-16
    },
    "agent_20_2.csv": {
        "stop_metric": 0.0,
        "circling_metric": 0.0,
        "attract_metric": 0.0,
        "uni_metric": 0.0009524752273713031,
        "avoid_metric": 1.6979881553090628e-16
    },
    "agent_21_1.csv": {
        "stop_metric": 0.02631578947368421,
        "circling_metric": 0.0,
        "attract_metric": 0.02631578947368421,
        "uni_metric": 0.0016162908563186905,
        "avoid_metric": 9.868649107779169e-17
    },
    "agent_21_2.csv": {
        "stop_metric": 0.0,
        "circling_metric": 0.029411764705882353,
        "attract_metric": 0.0,
        "uni_metric": 0.00028790361527866737,
        "avoid_metric": 1.249000902703301e-16
    },
    "agent_22_1.csv": {
        "stop_metric": 0.02631578947368421,
        "circling_metric": 0.0,
        "attract_metric": 0.0,
        "uni_metric": 0.00017803090162882903,
        "avoid_metric": 8.018277400070575e-17
    },
    "agent_22_2.csv": {
        "stop_metric": 0.0,
        "circling_metric": 0.0,
        "attract_metric": 0.0,
        "uni_metric": 0.0002469512894226595,
        "avoid_metric": 1.2855213969343918e-16
    },
    "agent_23_1.csv": {
        "stop_metric": 0.02631578947368421,
        "circling_metric": 0.05263157894736842,
        "attract_metric": 0.02631578947368421,
        "uni_metric": 0.00010183857575788806,
        "avoid_metric": 9.868649107779169e-17
    },
    "agent_23_2.csv": {
        "stop_metric": 0.0,
        "circling_metric": 0.0,
        "attract_metric": 0.0,
        "uni_metric": 0.00019983841239176246,
        "avoid_metric": 9.143013143971877e-17
    },
    "agent_3.csv": {
        "stop_metric": 0.02631578947368421,
        "circling_metric": 0.0,
        "attract_metric": 0.0,
        "uni_metric": 0.00010700773590096826,
        "avoid_metric": 1.356939252319636e-16
    },
    "agent_4_1.csv": {
        "stop_metric": 0.02631578947368421,
        "circling_metric": 0.02631578947368421,
        "attract_metric": 0.0,
        "uni_metric": 0.0003740927929224363,
        "avoid_metric": 9.251858538542972e-17
    },
    "agent_5_1.csv": {
        "stop_metric": 0.02631578947368421,
        "circling_metric": 0.0,
        "attract_metric": 0.0,
        "uni_metric": 0.00026687984242901926,
        "avoid_metric": 9.868649107779169e-17
    },
    "agent_6_1.csv": {
        "stop_metric": 0.02631578947368421,
        "circling_metric": 0.0,
        "attract_metric": 0.0,
        "uni_metric": 0.00033523795422782697,
        "avoid_metric": 1.1719020815487764e-16
    },
    "agent_7_1.csv": {
        "stop_metric": 0.02631578947368421,
        "circling_metric": 0.10526315789473684,
        "attract_metric": 0.0,
        "uni_metric": 0.0006710243918054107,
        "avoid_metric": 8.635067969306773e-17
    },
    "agent_7_2.csv": {
        "stop_metric": 0.0,