{
    "time": 3806.1372191905975,
    "results_train": [
        0.3733572710633278,
        0.8553
    ],
    "results_val": [
        0.4732133746861269,
        0.8161
    ]
}