{
    "time": 4357.323965787888,
    "results_train": [
        0.25015957460403443,
        0.904675
    ],
    "results_val": [
        0.555634104738982,
        0.7934
    ]
}