{
    "time": 4292.617815494537,
    "results_train": [
        0.3107697178840637,
        0.880825
    ],
    "results_val": [
        0.6041088277063431,
        0.7781
    ]
}