{
    "time": 4599.610250234604,
    "results_train": [
        0.4491590327501297,
        0.82705
    ],
    "results_val": [
        0.5502875121637655,
        0.786
    ]
}