{
    "time": 4765.390779256821,
    "results_train": [
        0.5140936274170875,
        0.806475
    ],
    "results_val": [
        0.6867598154769537,
        0.7508
    ]
}