{
    "time": 4833.728721618652,
    "results_train": [
        0.4558155128121376,
        0.827125
    ],
    "results_val": [
        0.6418012683383953,
        0.7591
    ]
}