{
    "time": 1975.661601781845,
    "results_train": [
        0.24112164801359176,
        0.90625
    ],
    "results_val": [
        1.0357131517616807,
        0.6912
    ]
}