{
    "time": 430.615647315979,
    "results_train": [
        0.612919594502449,
        0.7688
    ],
    "results_val": [
        0.8099619822137675,
        0.708
    ]
}