{
    "time": 8719.45268368721,
    "results_train": [
        0.401538004475832,
        0.854475
    ],
    "results_val": [
        0.5231623937146732,
        0.8109
    ]
}