{
    "time": 5046.081981658936,
    "results_train": [
        0.24354035011827946,
        0.906075
    ],
    "results_val": [
        0.5484696632614151,
        0.8055
    ]
}