{
    "time": 4438.968818664551,
    "results_train": [
        0.2502527628242969,
        0.903875
    ],
    "results_val": [
        0.5441034068695654,
        0.803
    ],
    "performance_seen": [
        0.30897559163113547,
        0.8837
    ],
    "performance_test": [
        0.6347645688802004,
        0.786
    ]
}