{
    "time": 391.35009121894836,
    "results_train": [
        1.005566270017624,
        0.60575
    ],
    "results_val": [
        1.1312257398050813,
        0.5631
    ],
    "performance_seen": [
        0.6441004866411193,
        0.77018
    ],
    "performance_test": [
        1.2687536738812923,
        0.62
    ]
}