{
    "time": 3577.9567227363586,
    "results_train": [
        2.1606454849243164,
        0.4508250057697296
    ],
    "results_val": [
        2.211723804473877,
        0.43320000171661377
    ]
}