{
    "time": 1106.133695602417,
    "results_train": [
        0.2445642477095127,
        0.9071
    ],
    "results_val": [
        0.8780267331630561,
        0.7358
    ]
}