{
    "time": 2096.0667130947113,
    "results_train": [
        0.15738465720564127,
        0.94245
    ],
    "results_val": [
        0.8164480774645593,
        0.774
    ]
}