{
    "time": 495.69040155410767,
    "results_train": [
        0.8388056418418884,
        0.68315
    ],
    "results_val": [
        1.026887036432886,
        0.6276
    ]
}