{
    "time": 2642.772142648697,
    "results_train": [
        0.3991447040319443,
        0.8425
    ],
    "results_val": [
        0.6400358727213683,
        0.7588
    ]
}