{
    "time": 1609.2080671787262,
    "results_train": [
        0.44138677847385405,
        0.83455
    ],
    "results_val": [
        0.6319800534635592,
        0.7772
    ]
}