{
    "time": 4506.9218237400055,
    "results_train": [
        0.6418137027025222,
        0.7473
    ],
    "results_val": [
        1.074810700770765,
        0.6025
    ]
}