{
    "time": 403.42617416381836,
    "results_train": [
        0.6385613172054291,
        0.7494
    ],
    "results_val": [
        0.8353862694114637,
        0.6914
    ]
}