{
    "time": 3714.2305767536163,
    "results_train": [
        0.5101782466055917,
        0.8062623312066005
    ],
    "results_val": [
        0.6179364602096745,
        0.7632468996617813
    ]
}