{
    "time": 4999.890966892242,
    "results_train": [
        0.26536306821107863,
        0.8959
    ],
    "results_val": [
        0.49415665165113565,
        0.8153
    ]
}