{
    "time": 2122.9816410541534,
    "results_train": [
        0.13480900744199753,
        0.9487
    ],
    "results_val": [
        0.59460651632517,
        0.819
    ]
}