{
    "epoch_losses": [
        1876.7690823078156,
        1696.3280096054077,
        1602.4347566366196,
        1523.0479971170425,
        1449.9880481362343,
        1386.4098873138428,
        1320.6765767335892,
        1255.1617667675018,
        1227.153237581253,
        1156.8924046754837,
        1088.4152406454086,
        1028.1685413122177,
        975.6392393708229,
        921.199671626091,
        882.2870501875877,
        839.3211001753807,
        797.4067720174789,
        768.5979868471622,
        738.9575257003307,
        716.8984241429716
    ],
    "epoch_accs_first": [
        0.4651050470900749,
        0.5467036947597199,
        0.583095870562666,
        0.6083313209369717,
        0.6321178459309346,
        0.656194156000966,
        0.6746679546003381,
        0.6992513885534895,
        0.7117845930934557,
        0.7334943250422603,
        0.7540207679304516,
        0.7720840376720599,
        0.7858488287853176,
        0.8024148756339049,
        0.8118087418497948,
        0.8231345085728085,
        0.8319246558802221,
        0.8395556628833615,
        0.8456411494808017,
        0.8501086694035257
    ],
    "epoch_accs_sec": [
        0.3144892538034291,
        0.37355711180874185,
        0.41306447717942524,
        0.44742815744989134,
        0.47614102873702,
        0.5007003139338324,
        0.5340497464380585,
        0.5599130644771795,
        0.5755131610722047,
        0.600990099009901,
        0.6279401110842792,
        0.6499154793528134,
        0.6719874426467037,
        0.6949770586814779,
        0.7088625935764308,
        0.7245834339531514,
        0.7409321419946873,
        0.7548176768896402,
        0.7654914271914997,
        0.7707317073170732
    ],
    "acc_overall": [
        0.15076068582468002,
        0.20321178459309344,
        0.24061820816227963,
        0.2730741366819609,
        0.3027771069789906,
        0.334315382757788,
        0.3687515092972712,
        0.40050712388312004,
        0.4208403767205989,
        0.45418980922482494,
        0.4882154069065443,
        0.5201883602994446,
        0.5460999758512437,
        0.5779280367061096,
        0.5978266119294856,
        0.6212750543347018,
        0.6410770345327216,
        0.6607099734363681,
        0.67512678097078,
        0.686066167592369
    ]
}