{
    "epoch_losses": [
        2905.104018330574,
        2714.040961742401,
        2566.4604358673096,
        2440.5892286896706,
        2316.140740096569,
        2207.5313845276833,
        2097.3650842309,
        1990.041610300541,
        1889.3415942788124,
        1789.6267356872559,
        1691.95886567235,
        1601.9387173950672,
        1510.1616351604462,
        1433.586077451706,
        1361.6885873377323,
        1294.5479789078236,
        1220.1757138073444,
        1158.4203946143389,
        1094.163096383214,
        1044.261774778366
    ],
    "epoch_accs_first": [
        0.1353496766958137,
        0.1345436066378117,
        0.15006921688541539,
        0.16897681672420137,
        0.16771514185080694,
        0.17768587800304905,
        0.17130741058755497,
        0.1750749119456078,
        0.17793120367287574,
        0.17954334378887973,
        0.15776192896069532,
        0.15844533618378398,
        0.16386002418210174,
        0.16207265144479296,
        0.1667163159093697,
        0.17123731753903307,
        0.1752326213047821,
        0.1699405961413777,
        0.18613209034993955,
        0.1679955140448946
    ],
    "epoch_accs_sec": [
        0.3024164578477929,
        0.3685842956524787,
        0.41060507824136544,
        0.4439693693377959,
        0.4785252422590989,
        0.5029877161932466,
        0.5328473548635814,
        0.558921968913733,
        0.5835421522070549,
        0.6098620919270331,
        0.6306797273380412,
        0.6523209560691818,
        0.6728231727618413,
        0.6908370862319729,
        0.7078521737606673,
        0.7243766099497082,
        0.7399372667215729,
        0.7561813307165262,
        0.7672910789072493,
        0.7807314209613262
    ],
    "acc_overall": [
        0.04322988767588974,
        0.05299034468256611,
        0.06397743003837594,
        0.07324723570539891,
        0.07874954001436907,
        0.08667005449734523,
        0.088860462263655,
        0.09460809224245186,
        0.0989188147265495,
        0.10713722466574377,
        0.09600995321289012,
        0.10268631608460231,
        0.10557765433613121,
        0.11237668004275676,
        0.11444442497415319,
        0.12483571941752676,
        0.1269910806595756,
        0.12490581246604868,
        0.13435085075437644,
        0.1286032207755796
    ]
}