{
  "Runtime": 21.7793713,
  "0_0": [
    [
      1.0,
      0.0,
      0.0,
      0.769239247
    ],
    [
      1.0,
      0.0,
      0.0,
      0.9764752
    ],
    [
      1.0,
      0.0,
      0.0,
      0.8102573
    ],
    [
      1.0,
      0.0,
      0.0,
      0.7809988
    ],
    [
      1.0,
      0.0,
      0.0,
      0.768376052
    ],
    [
      1.0,
      0.0,
      0.0,
      0.862062454
    ],
    [
      1.0,
      0.0,
      0.0,
      0.751854539
    ],
    [
      1.0,
      0.0,
      0.0,
      0.952270865
    ]
  ],
  "0_1": [
    [
      1.0,
      0.0,
      0.0,
      0.7508354
    ],
    [
      1.0,
      0.0,
      0.0,
      0.8406816
    ],
    [
      1.0,
      0.0,
      0.0,
      0.8048359
    ],
    [
      1.0,
      0.0,
      0.0,
      0.9589077
    ],
    [
      1.0,
      0.0,
      0.0,
      0.887430668
    ],
    [
      1.0,
      0.0,
      0.0,
      0.890474558
    ],
    [
      1.0,
      0.0,
      0.0,
      0.854983866
    ],
    [
      1.0,
      0.0,
      0.0,
      0.918172
    ]
  ],
  "0_2": [
    [
      1.0,
      0.0,
      0.0,
      0.8816864
    ],
    [
      1.0,
      0.0,
      0.0,
      0.8918074
    ],
    [
      1.0,
      0.0,
      0.0,
      0.786413
    ],
    [
      1.0,
      0.0,
      0.0,
      0.767974
    ],
    [
      1.0,
      0.0,
      0.0,
      0.7794157
    ],
    [
      1.0,
      0.0,
      0.0,
      0.896076262
    ],
    [
      1.0,
      0.0,
      0.0,
      0.795165658
    ],
    [
      1.0,
      0.0,
      0.0,
      0.7748198
    ]
  ],
  "0_3": [
    [
      1.0,
      0.0,
      0.0,
      0.983479559
    ],
    [
      1.0,
      0.0,
      0.0,
      0.8621413
    ],
    [
      1.0,
      0.0,
      0.0,
      0.781938851
    ],
    [
      1.0,
      0.0,
      0.0,
      0.771926463
    ],
    [
      1.0,
      0.0,
      0.0,
      0.951914
    ],
    [
      1.0,
      0.0,
      0.0,
      0.795143843
    ],
    [
      1.0,
      0.0,
      0.0,
      0.8771264
    ],
    [
      1.0,
      0.0,
      0.0,
      0.886755466
    ]
  ],
  "1_0": [
    [
      1.0,
      0.0,
      0.0,
      0.88045913
    ],
    [
      1.0,
      0.0,
      0.0,
      0.8938215
    ],
    [
      1.0,
      0.0,
      0.0,
      0.885008037
    ],
    [
      1.0,
      0.0,
      0.0,
      0.7930021
    ],
    [
      1.0,
      0.0,
      0.0,
      0.9315392
    ],
    [
      1.0,
      0.0,
      0.0,
      0.792697
    ],
    [
      1.0,
      0.0,
      0.0,
      0.943075836
    ],
    [
      1.0,
      0.0,
      0.0,
      0.848093
    ]
  ],
  "1_1": [
    [
      0.5609,
      0.2437,
      0.1954,
      0.805243254
    ],
    [
      0.5708,
      0.3262,
      0.1031,
      0.757815242
    ],
    [
      0.7179,
      0.1675,
      0.1146,
      0.8227036
    ],
    [
      1.0,
      0.0,
      0.0,
      0.9612769
    ],
    [
      1.0,
      0.0,
      0.0,
      0.95498395
    ],
    [
      1.0,
      0.0,
      0.0,
      0.833378434
    ],
    [
      1.0,
      0.0,
      0.0,
      0.993505239
    ],
    [
      1.0,
      0.0,
      0.0,
      0.9905457
    ]
  ],
  "1_2": [
    [
      0.4999,
      0.5001,
      0.0,
      0.8939211
    ],
    [
      0.0,
      0.5031,
      0.4969,
      0.7702317
    ],
    [
      0.5748,
      0.268,
      0.1572,
      0.9549273
    ],
    [
      0.5849,
      0.2669,
      0.1482,
      0.959281445
    ],
    [
      0.243,
      0.6161,
      0.1409,
      0.783484638
    ],
    [
      1.0,
      0.0,
      0.0,
      0.995078564
    ],
    [
      1.0,
      0.0,
      0.0,
      0.8953149
    ],
    [
      1.0,
      0.0,
      0.0,
      0.9731536
    ]
  ],
  "1_3": [
    [
      1.0,
      0.0,
      0.0,
      0.9756042
    ],
    [
      0.5407,
      0.3118,
      0.1475,
      0.983342052
    ],
    [
      0.5619,
      0.2491,
      0.1889,
      0.8128481
    ],
    [
      0.4969,
      0.2541,
      0.249,
      0.9225993
    ],
    [
      0.5565,
      0.2862,
      0.1573,
      0.848654449
    ],
    [
      0.5576,
      0.3014,
      0.141,
      0.8295232
    ],
    [
      1.0,
      0.0,
      0.0,
      0.779618263
    ],
    [
      1.0,
      0.0,
      0.0,
      0.974929
    ]
  ],
  "2_0": [
    [
      0.227,
      0.6388,
      0.1342,
      0.841050446
    ],
    [
      0.1091,
      0.797,
      0.094,
      0.798175335
    ],
    [
      1.0,
      0.0,
      0.0,
      0.8138564
    ],
    [
      1.0,
      0.0,
      0.0,
      0.7995927
    ],
    [
      1.0,
      0.0,
      0.0,
      0.8117899
    ],
    [
      1.0,
      0.0,
      0.0,
      0.928830445
    ],
    [
      1.0,
      0.0,
      0.0,
      0.842683554
    ],
    [
      1.0,
      0.0,
      0.0,
      0.9278235
    ]
  ],
  "2_1": [
    [
      0.6611,
      0.2073,
      0.1317,
      0.9712928
    ],
    [
      0.2777,
      0.5858,
      0.1365,
      0.904822767
    ],
    [
      1.0,
      0.0,
      0.0,
      0.7887068
    ],
    [
      1.0,
      0.0,
      0.0,
      0.7746166
    ],
    [
      1.0,
      0.0,
      0.0,
      0.8554989
    ],
    [
      1.0,
      0.0,
      0.0,
      0.7834759
    ],
    [
      1.0,
      0.0,
      0.0,
      0.9872108
    ],
    [
      1.0,
      0.0,
      0.0,
      0.8581916
    ]
  ],
  "2_2": [
    [
      1.0,
      0.0,
      0.0,
      0.951212645
    ],
    [
      1.0,
      0.0,
      0.0,
      0.8306423
    ],
    [
      1.0,
      0.0,
      0.0,
      0.9128422
    ],
    [
      1.0,
      0.0,
      0.0,
      0.9434689
    ],
    [
      1.0,
      0.0,
      0.0,
      0.798140764
    ],
    [
      1.0,
      0.0,
      0.0,
      0.828226149
    ],
    [
      1.0,
      0.0,
      0.0,
      0.815132737
    ],
    [
      1.0,
      0.0,
      0.0,
      0.9896704
    ]
  ],
  "2_3": [
    [
      1.0,
      0.0,
      0.0,
      0.7841629
    ],
    [
      1.0,
      0.0,
      0.0,
      0.90984
    ],
    [
      1.0,
      0.0,
      0.0,
      0.802963138
    ],
    [
      1.0,
      0.0,
      0.0,
      0.7873497
    ],
    [
      1.0,
      0.0,
      0.0,
      0.982826
    ],
    [
      1.0,
      0.0,
      0.0,
      0.838047
    ],
    [
      1.0,
      0.0,
      0.0,
      0.8820966
    ],
    [
      1.0,
      0.0,
      0.0,
      0.8010707
    ]
  ]
}