{
  "Runtime": 21.8982277,
  "0_0": [
    [
      0.5542,
      0.2854,
      0.1604,
      0.891589463
    ],
    [
      0.5904,
      0.2572,
      0.1523,
      0.862937868
    ],
    [
      1.0,
      0.0,
      0.0,
      0.98373884
    ],
    [
      1.0,
      0.0,
      0.0,
      0.8172263
    ],
    [
      1.0,
      0.0,
      0.0,
      0.9825619
    ],
    [
      0.5909,
      0.251,
      0.1581,
      0.9265735
    ],
    [
      1.0,
      0.0,
      0.0,
      0.829574
    ],
    [
      1.0,
      0.0,
      0.0,
      0.814158261
    ]
  ],
  "0_1": [
    [
      1.0,
      0.0,
      0.0,
      0.9010849
    ],
    [
      1.0,
      0.0,
      0.0,
      0.851159632
    ],
    [
      0.5,
      0.0,
      0.5,
      0.7796513
    ],
    [
      0.5,
      0.0,
      0.5,
      0.755820036
    ],
    [
      1.0,
      0.0,
      0.0,
      0.7930286
    ],
    [
      1.0,
      0.0,
      0.0,
      0.7528036
    ],
    [
      1.0,
      0.0,
      0.0,
      0.979064
    ],
    [
      0.5,
      0.0,
      0.5,
      0.798465252
    ]
  ],
  "0_2": [
    [
      0.5672,
      0.2574,
      0.1754,
      0.9539959
    ],
    [
      1.0,
      0.0,
      0.0,
      0.8909712
    ],
    [
      1.0,
      0.0,
      0.0,
      0.9814665
    ],
    [
      0.2173,
      0.635,
      0.1477,
      0.898745656
    ],
    [
      0.568,
      0.2478,
      0.1842,
      0.993213356
    ],
    [
      1.0,
      0.0,
      0.0,
      0.8204406
    ],
    [
      0.3968,
      0.204,
      0.3992,
      0.8056085
    ],
    [
      0.5783,
      0.2294,
      0.1923,
      0.9786821
    ]
  ],
  "0_3": [
    [
      1.0,
      0.0,
      0.0,
      0.998503864
    ],
    [
      0.4962,
      0.0,
      0.5038,
      0.905283
    ],
    [
      0.0804,
      0.5467,
      0.3728,
      0.9388567
    ],
    [
      0.5,
      0.0,
      0.5,
      0.9406605
    ],
    [
      0.2569,
      0.5525,
      0.1906,
      0.755802035
    ],
    [
      0.4771,
      0.1768,
      0.3461,
      0.91967
    ],
    [
      0.5124,
      0.2221,
      0.2655,
      0.938953638
    ],
    [
      0.5,
      0.0,
      0.5,
      0.9482189
    ]
  ],
  "1_0": [
    [
      0.5582,
      0.2602,
      0.1816,
      0.8743451
    ],
    [
      0.532,
      0.3129,
      0.1551,
      0.903330743
    ],
    [
      0.5556,
      0.2602,
      0.1842,
      0.96475774
    ],
    [
      0.5017,
      0.381,
      0.1172,
      0.9342832
    ],
    [
      0.5546,
      0.2625,
      0.1829,
      0.9800504
    ],
    [
      0.5138,
      0.3444,
      0.1419,
      0.78009975
    ],
    [
      0.5,
      0.0,
      0.5,
      0.930905
    ],
    [
      0.5565,
      0.2742,
      0.1693,
      0.8263705
    ]
  ],
  "1_1": [
    [
      0.1337,
      0.7606,
      0.1057,
      0.9522216
    ],
    [
      0.0,
      0.5724,
      0.4276,
      0.839243948
    ],
    [
      0.4993,
      0.0,
      0.5007,
      0.8633356
    ],
    [
      0.1847,
      0.6097,
      0.2056,
      0.9514984
    ],
    [
      0.2406,
      0.5961,
      0.1633,
      0.767233133
    ],
    [
      0.2707,
      0.5952,
      0.1342,
      0.8158536
    ],
    [
      0.5616,
      0.2433,
      0.1951,
      0.901363552
    ],
    [
      0.0,
      0.6445,
      0.3555,
      0.9312862
    ]
  ],
  "1_2": [
    [
      0.5568,
      0.3095,
      0.1336,
      0.779673338
    ],
    [
      0.2095,
      0.593,
      0.1975,
      0.798274
    ],
    [
      0.5155,
      0.1914,
      0.2931,
      0.7701521
    ],
    [
      0.6098,
      0.2507,
      0.1395,
      0.9594001
    ],
    [
      0.6146,
      0.1876,
      0.1978,
      0.83134234
    ],
    [
      0.3109,
      0.539,
      0.1501,
      0.835548341
    ],
    [
      0.5,
      0.0,
      0.5,
      0.9278086
    ],
    [
      0.0,
      0.5789,
      0.4211,
      0.8312644
    ]
  ],
  "1_3": [
    [
      0.6031,
      0.1878,
      0.2092,
      0.848779
    ],
    [
      0.1359,
      0.7378,
      0.1264,
      0.7638148
    ],
    [
      0.1386,
      0.747,
      0.1143,
      0.9767512
    ],
    [
      0.0,
      0.5149,
      0.4851,
      0.880581856
    ],
    [
      0.4992,
      0.5008,
      0.0,
      0.8944636
    ],
    [
      0.4994,
      0.5006,
      0.0,
      0.801757336
    ],
    [
      0.5808,
      0.2304,
      0.1888,
      0.7862357
    ],
    [
      0.2342,
      0.5959,
      0.1698,
      0.9648134
    ]
  ],
  "2_0": [
    [
      0.2238,
      0.6761,
      0.1001,
      0.87119925
    ],
    [
      1.0,
      0.0,
      0.0,
      0.8696141
    ],
    [
      1.0,
      0.0,
      0.0,
      0.9236462
    ],
    [
      1.0,
      0.0,
      0.0,
      0.9050438
    ],
    [
      0.1385,
      0.7382,
      0.1234,
      0.998758733
    ],
    [
      0.5448,
      0.3229,
      0.1323,
      0.8676048
    ],
    [
      0.2621,
      0.5782,
      0.1598,
      0.9798555
    ],
    [
      1.0,
      0.0,
      0.0,
      0.9517894
    ]
  ],
  "2_1": [
    [
      1.0,
      0.0,
      0.0,
      0.977547169
    ],
    [
      1.0,
      0.0,
      0.0,
      0.9798553
    ],
    [
      1.0,
      0.0,
      0.0,
      0.8348741
    ],
    [
      1.0,
      0.0,
      0.0,
      0.925285
    ],
    [
      0.5644,
      0.2836,
      0.152,
      0.918514967
    ],
    [
      0.6088,
      0.2393,
      0.1518,
      0.9441992
    ],
    [
      0.1739,
      0.7181,
      0.108,
      0.9195318
    ],
    [
      0.5686,
      0.2565,
      0.1749,
      0.97772187
    ]
  ],
  "2_2": [
    [
      0.2262,
      0.6004,
      0.1734,
      0.8847654
    ],
    [
      0.2107,
      0.64,
      0.1493,
      0.7643516
    ],
    [
      0.5762,
      0.235,
      0.1888,
      0.769256353
    ],
    [
      0.3134,
      0.519,
      0.1676,
      0.885071039
    ],
    [
      0.5576,
      0.2925,
      0.15,
      0.7516964
    ],
    [
      1.0,
      0.0,
      0.0,
      0.7931243
    ],
    [
      0.1484,
      0.7278,
      0.1238,
      0.8399382
    ],
    [
      0.576,
      0.2596,
      0.1643,
      0.8783013
    ]
  ],
  "2_3": [
    [
      0.0132,
      0.6986,
      0.2882,
      0.832122147
    ],
    [
      0.4998,
      0.5002,
      0.0,
      0.939825535
    ],
    [
      0.4962,
      0.0,
      0.5038,
      0.984743536
    ],
    [
      0.5923,
      0.2582,
      0.1495,
      0.9551193
    ],
    [
      1.0,
      0.0,
      0.0,
      0.7535069
    ],
    [
      0.1752,
      0.72,
      0.1048,
      0.9209899
    ],
    [
      0.2359,
      0.6035,
      0.1606,
      0.829302847
    ],
    [
      0.529,
      0.3357,
      0.1354,
      0.965759158
    ]
  ]
}